image_path,Sampling_Date,State,Species,Height_Ave_cm,Pre_GSHH_NDVI,Dry_Clover_g,Dry_Dead_g,Dry_Green_g,Season,strat_group,fold,Dry_Clover_g_soft,Dry_Dead_g_soft,Dry_Green_g_soft
train/ID1011485656.jpg,2015/9/4,Tas,Ryegrass_Clover,4.6667,0.62,0.0,31.9984,16.275,Spring,Spring_Tas_Ryegrass_Clover,2,0.36956924,43.185364,20.15381
train/ID1012260530.jpg,2015/4/1,NSW,Lucerne,16.0,0.55,0.0,0.0,7.6,Autumn,Autumn_NSW_Lucerne,0,0.051065993,0.5456077,7.336673
train/ID1025234388.jpg,2015/9/1,WA,SubcloverDalkeith,1.0,0.38,6.05,0.0,0.0,Spring,Spring_WA_SubcloverDalkeith,1,6.852712,0.061617006,0.0
train/ID1028611175.jpg,2015/5/18,Tas,Ryegrass,5.0,0.66,0.0,30.9703,24.2376,Autumn,Autumn_Tas_Ryegrass,0,0.5613593,32.825825,19.57612
train/ID1035947949.jpg,2015/9/11,Tas,Ryegrass,3.5,0.54,0.4343,23.2239,10.5261,Spring,Spring_Tas_Ryegrass,2,1.1006649,16.536076,8.233045
train/ID1036339023.jpg,2015/9/30,Vic,Phalaris_Clover,7.0,0.82,23.0755,2.6135,32.191,Spring,Spring_Vic_Phalaris_Clover,2,14.533946,5.470539,56.0453
train/ID1049634115.jpg,2015/7/2,Vic,Ryegrass_Clover,2.0,0.72,1.5083,3.0167,13.575,Winter,Winter_Vic_Ryegrass_Clover,0,2.6757357,2.95616,13.329806
train/ID1051144034.jpg,2015/9/1,WA,SubcloverLosa,1.0,0.8,55.32,0.0,0.0,Spring,Spring_WA_SubcloverLosa,4,60.7725,0.18998656,0.46341014
train/ID1052620238.jpg,2015/5/18,Tas,Ryegrass,5.0,0.68,0.0,11.2291,20.1707,Autumn,Autumn_Tas_Ryegrass,4,0.036886565,12.471004,19.92476
train/ID105271783.jpg,2015/6/30,Vic,Phalaris_Clover,4.0,0.86,5.2698,8.5635,27.6667,Winter,Winter_Vic_Phalaris_Clover,3,2.5581038,8.929618,22.818954
train/ID1053972079.jpg,2015/9/4,Tas,Clover,2.5,0.56,21.0801,7.9393,1.3688,Spring,Spring_Tas_Clover,1,17.873188,6.891455,1.404567
train/ID1058383417.jpg,2015/5/19,Tas,Ryegrass_Clover,2.0,0.62,0.1,9.5,13.1,Autumn,Autumn_Tas_Ryegrass_Clover,0,0.31520987,15.016016,11.137559
train/ID1062837331.jpg,2015/9/29,Vic,Ryegrass_Clover,9.0,0.82,19.98,3.9623,35.4077,Spring,Spring_Vic_Ryegrass_Clover,0,25.262186,3.4190373,43.153492
train/ID1070112260.jpg,2015/1/15,NSW,Fescue_CrumbWeed,6.0,0.6,0.0,9.8765,22.1235,Summer,Summer_NSW_Fescue_CrumbWeed,3,0.018591722,10.624235,23.847397
train/ID1078930021.jpg,2015/6/26,Vic,Phalaris_Ryegrass_Clover,5.0,0.86,0.0,5.0189,32.9811,Winter,Winter_Vic_Phalaris_Ryegrass_Clover,3,1.2576377,4.3255115,22.971043
train/ID1084819986.jpg,2015/9/4,Tas,Clover,3.1667,0.69,21.4551,13.0742,2.6819,Spring,Spring_Tas_Clover,2,20.154522,13.123285,2.300763
train/ID1088965591.jpg,2015/4/1,NSW,Lucerne,43.0,0.89,0.0,0.3443,59.5557,Autumn,Autumn_NSW_Lucerne,1,0.05119328,0.76553714,73.97003
train/ID1098771283.jpg,2015/11/9,Tas,Clover,2.6667,0.48,8.376,15.1673,0.4528,Spring,Spring_Tas_Clover,0,7.305823,13.205266,0.41068697
train/ID1103883611.jpg,2015/2/24,NSW,Phalaris,26.0,0.48,0.0,12.9166,82.7834,Summer,Summer_NSW_Phalaris,1,0.110837005,11.194796,66.85013
train/ID1108283583.jpg,2015/8/19,Vic,Phalaris_Ryegrass_Clover,5.5,0.83,5.773,7.2162,40.4108,Winter,Winter_Vic_Phalaris_Ryegrass_Clover,4,10.361735,3.8706017,36.15779
train/ID1113121340.jpg,2015/9/30,Vic,Phalaris_Clover,16.0,0.8,0.2931,11.6271,82.6598,Spring,Spring_Vic_Phalaris_Clover,1,0.9575141,9.16268,67.85167
train/ID1113329413.jpg,2015/6/29,Tas,WhiteClover,3.0,0.72,20.6523,21.1112,1.3768,Winter,Winter_Tas_WhiteClover,3,21.17758,17.604712,1.0180218
train/ID1119739385.jpg,2015/5/18,Tas,Ryegrass,4.0,0.28,0.0,3.0,6.8,Autumn,Autumn_Tas_Ryegrass,1,0.35037285,5.434919,5.1907015
train/ID1119761112.jpg,2015/5/7,NSW,Fescue,4.0,0.42,0.0,32.4486,22.9514,Autumn,Autumn_NSW_Fescue,3,0.00036190072,21.448647,28.40068
train/ID1121692672.jpg,2015/2/24,NSW,Phalaris,38.0,0.52,0.0,1.3958,109.8042,Summer,Summer_NSW_Phalaris,4,0.04851023,2.3002143,109.84412
train/ID1127246618.jpg,2015/5/18,Tas,Ryegrass,7.0,0.77,3.0196,25.8824,32.3529,Autumn,Autumn_Tas_Ryegrass,1,0.70271313,25.661316,20.229935
train/ID112966473.jpg,2015/8/14,Vic,Ryegrass_Clover,3.0,0.74,11.2,2.8,19.6,Winter,Winter_Vic_Ryegrass_Clover,0,3.773697,2.6147618,18.515196
train/ID1131079710.jpg,2015/11/9,Tas,Clover,1.5,0.57,15.4794,11.119,1.5261,Spring,Spring_Tas_Clover,2,16.339207,8.3815975,0.59860814
train/ID1136169672.jpg,2015/5/18,Tas,Ryegrass,5.0,0.62,0.0,6.808,16.3107,Autumn,Autumn_Tas_Ryegrass,4,0.060896285,11.963858,19.0585
train/ID1139866256.jpg,2015/5/7,NSW,Fescue,13.0,0.66,0.0,83.8407,74.0593,Autumn,Autumn_NSW_Fescue,4,0.33313644,37.818386,74.16847
train/ID1139918758.jpg,2015/8/21,WA,Clover,3.0,0.79,58.34,0.0,0.0,Winter,Winter_WA_Clover,2,63.951427,0.11261173,1.5540761
train/ID1140993511.jpg,2015/8/14,Vic,Ryegrass_Clover,2.0,0.71,4.6,2.3,16.1,Winter,Winter_Vic_Ryegrass_Clover,0,4.58658,3.2496896,18.283585
train/ID1148528732.jpg,2015/8/18,Vic,Phalaris_Clover,3.2,0.86,12.4113,0.0,28.0887,Winter,Winter_Vic_Phalaris_Clover,3,6.258043,3.1100478,24.60175
train/ID1148666289.jpg,2015/6/26,Vic,Phalaris_Ryegrass_Clover,3.5,0.81,4.0923,14.3231,21.4846,Winter,Winter_Vic_Phalaris_Ryegrass_Clover,4,5.1221633,18.483362,16.138613
train/ID1149598723.jpg,2015/5/7,NSW,Lucerne,43.0,0.87,0.0,5.3831,58.3169,Autumn,Autumn_NSW_Lucerne,0,0.031325474,5.2553434,66.812
train/ID1159071020.jpg,2015/9/30,Vic,Phalaris_Clover,7.0,0.74,1.3191,6.7982,46.5727,Spring,Spring_Vic_Phalaris_Clover,3,2.0110502,11.634176,47.573593
train/ID1163061745.jpg,2015/6/29,Tas,WhiteClover,2.0,0.5,5.2,6.7,1.2,Winter,Winter_Tas_WhiteClover,4,5.171294,5.61825,0.8537738
train/ID1168534540.jpg,2015/5/7,NSW,Fescue,9.0,0.86,0.0,8.6892,55.6108,Autumn,Autumn_NSW_Fescue,1,0.1625616,8.429641,75.94481
train/ID1176292407.jpg,2015/6/26,Tas,Ryegrass_Clover,3.0,0.5,0.1308,16.7365,9.022,Winter,Winter_Tas_Ryegrass_Clover,3,0.3607337,21.04317,10.144948
train/ID1182523622.jpg,2015/6/29,Tas,WhiteClover,2.0,0.48,3.1059,14.7193,0.6752,Winter,Winter_Tas_WhiteClover,4,3.6871476,15.557772,1.3139436
train/ID1183807388.jpg,2015/7/1,Tas,Ryegrass,5.0,0.7,0.0,20.9156,20.9156,Winter,Winter_Tas_Ryegrass,2,0.15532155,17.728474,23.977299
train/ID1193692654.jpg,2015/9/11,Tas,Ryegrass,3.1667,0.69,0.2727,6.3317,13.4232,Spring,Spring_Tas_Ryegrass,1,0.90334094,8.987126,15.662641
train/ID1199150612.jpg,2015/11/10,Tas,Ryegrass_Clover,5.5,0.62,0.3602,40.7019,27.0146,Spring,Spring_Tas_Ryegrass_Clover,1,0.39764822,34.909184,20.356754
train/ID1208644039.jpg,2015/7/1,Vic,Phalaris_Clover,5.0,0.79,1.55,7.75,31.0,Winter,Winter_Vic_Phalaris_Clover,1,2.7980757,6.8397307,30.260538
train/ID1211362607.jpg,2015/2/24,NSW,Ryegrass,7.0,0.58,0.0,1.3446,66.5554,Summer,Summer_NSW_Ryegrass,4,0.015008623,6.0803375,44.421165
train/ID121331988.jpg,2015/5/7,NSW,Fescue,8.0,0.75,0.0,21.05,63.15,Autumn,Autumn_NSW_Fescue,3,0.01359042,15.12797,70.47708
train/ID1215977190.jpg,2015/5/18,Tas,Ryegrass,5.0,0.74,0.4068,24.8123,30.1002,Autumn,Autumn_Tas_Ryegrass,2,0.63223517,27.86645,30.634573
train/ID1217108125.jpg,2015/6/29,Tas,WhiteClover,2.0,0.62,5.9027,8.0594,0.6811,Winter,Winter_Tas_WhiteClover,2,6.918508,9.721266,0.85489464
train/ID1237349078.jpg,2015/10/13,Vic,Phalaris_BarleyGrass_SilverGrass_SpearGrass_Clover_Capeweed,2.5,0.38,3.189,26.221,9.39,Spring,Spring_Vic_Phalaris_BarleyGrass_SilverGrass_SpearGrass_Clover_Capeweed,3,1.9008061,25.67699,6.826009
train/ID12390962.jpg,2015/5/18,Tas,Ryegrass,5.0,0.56,0.0,15.2,14.0,Autumn,Autumn_Tas_Ryegrass,0,0.04731273,16.861929,15.059621
train/ID1244346858.jpg,2015/10/6,NSW,Fescue,12.3333,0.45,0.0,30.9343,49.2657,Spring,Spring_NSW_Fescue,3,0.13316993,42.22544,57.475056
train/ID1249094008.jpg,2015/6/26,Vic,Ryegrass,4.0,0.71,0.0,16.3603,4.5809,Winter,Winter_Vic_Ryegrass,2,1.2335994,9.402275,5.8380804
train/ID1251029854.jpg,2015/5/7,NSW,Fescue,5.0,0.55,0.0,22.0875,36.8125,Autumn,Autumn_NSW_Fescue,2,0.14042327,25.60293,27.088032
train/ID1254829053.jpg,2015/6/26,Vic,Ryegrass,4.5,0.69,0.0,10.2162,4.2568,Winter,Winter_Vic_Ryegrass,0,0.78817785,13.153097,4.994078
train/ID1268934251.jpg,2015/10/13,Vic,Phalaris_BarleyGrass_SilverGrass_SpearGrass_Clover_Capeweed,3.3,0.42,0.0,24.7869,17.2131,Spring,Spring_Vic_Phalaris_BarleyGrass_SilverGrass_SpearGrass_Clover_Capeweed,2,1.9659805,32.04309,15.633804
train/ID1275072698.jpg,2015/1/15,NSW,Lucerne,42.0,0.74,0.0,2.5,62.0,Summer,Summer_NSW_Lucerne,0,0.037762556,4.3034415,82.48626
train/ID1277756619.jpg,2015/7/1,Tas,Ryegrass,3.0,0.4,0.0,3.2,6.0,Winter,Winter_Tas_Ryegrass,0,0.22897819,2.5489478,5.1296215
train/ID1291116815.jpg,2015/7/2,Vic,Ryegrass_Clover,3.0,0.76,1.24,3.72,19.84,Winter,Winter_Vic_Ryegrass_Clover,1,2.8955855,3.4207892,16.102396
train/ID1294770420.jpg,2015/11/9,Tas,Ryegrass_Clover,3.3333,0.59,17.3814,36.1534,14.6004,Spring,Spring_Tas_Ryegrass_Clover,0,20.072615,20.737675,11.139689
train/ID1314135397.jpg,2015/1/15,NSW,Fescue_CrumbWeed,6.0,0.75,0.0,16.6678,28.0322,Summer,Summer_NSW_Fescue_CrumbWeed,4,1.180785,13.00932,32.721436
train/ID13162390.jpg,2015/8/14,Vic,Ryegrass_Clover,3.0,0.74,2.8667,2.8667,20.0667,Winter,Winter_Vic_Ryegrass_Clover,3,3.8585162,2.8311677,22.040983
train/ID1337107565.jpg,2015/8/21,WA,Clover,1.0,0.39,10.04,0.0,0.0,Winter,Winter_WA_Clover,0,7.0996614,0.21362114,0.3587785
train/ID1343327476.jpg,2015/8/14,Vic,Phalaris_Clover,5.0,0.71,3.1429,3.1429,37.7143,Winter,Winter_Vic_Phalaris_Clover,0,1.9836915,5.5276785,29.764212
train/ID1345375788.jpg,2015/6/26,Tas,Ryegrass_Clover,3.0,0.6,2.3762,7.7226,8.7127,Winter,Winter_Tas_Ryegrass_Clover,3,2.574039,5.7613955,7.6593504
train/ID135365668.jpg,2015/6/26,Vic,Phalaris_Ryegrass_Clover,3.0,0.74,2.4,1.8667,17.3333,Winter,Winter_Vic_Phalaris_Ryegrass_Clover,3,3.7657242,5.9003897,11.284379
train/ID1354190372.jpg,2015/11/10,Tas,Ryegrass_Clover,3.0,0.67,11.2565,6.5255,10.6039,Spring,Spring_Tas_Ryegrass_Clover,3,3.7728977,8.643108,13.542501
train/ID1357758282.jpg,2015/1/15,NSW,Lucerne,62.0,0.77,0.0,4.8,107.3,Summer,Summer_NSW_Lucerne,3,0.0,4.9599905,66.11735
train/ID1357768767.jpg,2015/2/25,NSW,Fescue,15.0,0.68,0.0,5.4497,104.1503,Summer,Summer_NSW_Fescue,3,0.06839541,9.442593,99.36723
train/ID1370004842.jpg,2015/10/6,NSW,Fescue,9.6667,0.55,0.0,21.9986,55.8014,Spring,Spring_NSW_Fescue,0,0.0057011787,45.14198,73.1457
train/ID1374789439.jpg,2015/7/1,Vic,Phalaris_Clover,4.0,0.74,1.3556,1.3556,21.6889,Winter,Winter_Vic_Phalaris_Clover,0,1.9292389,4.170549,22.896908
train/ID1385921939.jpg,2015/5/7,NSW,Lucerne,32.0,0.79,0.0,6.8243,43.6757,Autumn,Autumn_NSW_Lucerne,4,0.17910108,7.106172,50.61815
train/ID1386202352.jpg,2015/5/19,Tas,Ryegrass_Clover,5.0,0.86,0.0,12.1549,35.0834,Autumn,Autumn_Tas_Ryegrass_Clover,1,0.36515108,8.247249,34.969612
train/ID1395011773.jpg,2015/10/13,Vic,Phalaris_BarleyGrass_SilverGrass_SpearGrass_Clover_Capeweed,3.2,0.52,10.0895,11.9667,13.8438,Spring,Spring_Vic_Phalaris_BarleyGrass_SilverGrass_SpearGrass_Clover_Capeweed,1,9.847979,21.55962,10.880536
train/ID1403078396.jpg,2015/9/4,Tas,Clover,2.3333,0.42,5.3,8.3,1.5,Spring,Spring_Tas_Clover,4,7.199145,9.082568,1.0715983
train/ID1403107574.jpg,2015/8/21,WA,Clover,1.0,0.54,22.69,0.0,0.0,Winter,Winter_WA_Clover,3,12.067311,0.38117355,1.3892376
train/ID1411613934.jpg,2015/10/13,Vic,Phalaris_BarleyGrass_SilverGrass_SpearGrass_Clover_Capeweed,3.3,0.49,6.8937,17.8286,16.8777,Spring,Spring_Vic_Phalaris_BarleyGrass_SilverGrass_SpearGrass_Clover_Capeweed,3,5.647153,22.14048,10.697686
train/ID141370843.jpg,2015/8/14,Vic,Ryegrass_Clover,4.0,0.72,5.6182,5.6182,19.6636,Winter,Winter_Vic_Ryegrass_Clover,4,3.4582534,4.155712,19.334019
train/ID1413758094.jpg,2015/9/4,Tas,Ryegrass_Clover,5.0,0.54,0.8746,46.0532,17.5601,Spring,Spring_Tas_Ryegrass_Clover,0,0.5714154,56.28889,18.176903
train/ID1414371018.jpg,2015/11/10,Tas,Ryegrass_Clover,3.1667,0.72,14.7281,6.1901,12.3801,Spring,Spring_Tas_Ryegrass_Clover,4,8.624437,6.3924966,13.917917
train/ID1415329644.jpg,2015/4/1,NSW,Lucerne,38.0,0.83,0.0,0.0,63.3,Autumn,Autumn_NSW_Lucerne,3,0.13920322,0.3981246,62.281433
train/ID1421714468.jpg,2015/9/4,Tas,Ryegrass_Clover,4.5,0.85,0.0,36.581,26.6001,Spring,Spring_Tas_Ryegrass_Clover,2,0.21190691,25.078543,30.112173
train/ID142751858.jpg,2015/9/29,Vic,Ryegrass_Clover,5.0,0.81,15.3953,2.417,33.2077,Spring,Spring_Vic_Ryegrass_Clover,1,19.874035,2.7621217,35.947044
train/ID1428837636.jpg,2015/6/29,Tas,WhiteClover,3.0,0.7,10.1663,19.1366,3.8871,Winter,Winter_Tas_WhiteClover,2,8.976221,21.739933,1.3860649
train/ID1437386574.jpg,2015/9/30,Vic,Phalaris_Clover,6.0,0.75,5.0001,3.7122,44.1677,Spring,Spring_Vic_Phalaris_Clover,1,4.8735466,5.268485,45.408997
train/ID1444674500.jpg,2015/7/8,WA,Clover,1.0,0.43,11.64,0.0,3.5,Winter,Winter_WA_Clover,4,11.411453,0.13518311,3.4331334
train/ID1450399782.jpg,2015/9/11,Tas,Ryegrass,5.8333,0.86,0.1901,19.082,38.202,Spring,Spring_Tas_Ryegrass,1,0.1919878,19.547623,43.834908
train/ID1451025862.jpg,2015/11/10,Tas,Ryegrass_Clover,2.8333,0.53,5.3,4.3,6.9,Spring,Spring_Tas_Ryegrass_Clover,4,3.479903,10.627103,12.042631
train/ID1456861072.jpg,2015/6/26,Tas,Ryegrass_Clover,1.0,0.37,0.4,6.0,1.0,Winter,Winter_Tas_Ryegrass_Clover,1,0.4014716,3.557124,2.977878
train/ID1457700382.jpg,2015/4/1,NSW,Lucerne,30.0,0.7,0.0,0.0,24.8,Autumn,Autumn_NSW_Lucerne,2,0.08852076,0.2621274,20.72474
train/ID1458758610.jpg,2015/10/6,NSW,Fescue,9.3333,0.49,0.0,50.2255,52.4745,Spring,Spring_NSW_Fescue,1,0.0,35.4795,58.14739
train/ID1463690813.jpg,2015/4/1,NSW,Lucerne,35.0,0.84,0.0,0.0,58.2,Autumn,Autumn_NSW_Lucerne,1,0.17614266,0.93326235,63.67882
train/ID146920896.jpg,2015/5/19,Tas,Ryegrass_Clover,2.0,0.36,0.5,0.4,6.6,Autumn,Autumn_Tas_Ryegrass_Clover,0,0.069890335,1.4736936,8.632521
train/ID1471216911.jpg,2015/9/30,Vic,Phalaris_Clover,16.0,0.85,67.8977,11.4857,28.8667,Spring,Spring_Vic_Phalaris_Clover,0,84.02971,13.575495,20.913845
train/ID1472525822.jpg,2015/1/15,NSW,Fescue_CrumbWeed,7.0,0.7,0.0,16.4891,30.3109,Summer,Summer_NSW_Fescue_CrumbWeed,0,0.048152562,17.08298,33.28116
train/ID1473228876.jpg,2015/1/15,NSW,Fescue_CrumbWeed,8.0,0.72,0.0,10.0135,28.0865,Summer,Summer_NSW_Fescue_CrumbWeed,3,0.19667456,11.356767,37.834316
train/ID1474775613.jpg,2015/5/18,Tas,Ryegrass,10.0,0.86,0.0,5.3604,44.3447,Autumn,Autumn_Tas_Ryegrass,2,0.14205272,9.413744,37.011772
train/ID147528735.jpg,2015/1/15,NSW,Lucerne,52.0,0.74,0.0,3.0,53.5,Summer,Summer_NSW_Lucerne,2,0.0,3.8190873,71.02063
train/ID1476045099.jpg,2015/8/14,Vic,Ryegrass_Clover,4.0,0.77,6.7778,3.3889,20.3333,Winter,Winter_Vic_Ryegrass_Clover,2,5.41195,3.1814914,24.739536
train/ID1477176296.jpg,2015/8/14,Vic,Ryegrass_Clover,4.0,0.77,1.8308,1.8308,20.1385,Winter,Winter_Vic_Ryegrass_Clover,3,2.6714559,2.4681122,17.74154
train/ID1488408526.jpg,2015/2/25,NSW,Fescue,6.0,0.48,0.0,9.8969,28.5031,Summer,Summer_NSW_Fescue,3,0.021638896,16.78231,31.763031
train/ID1496750796.jpg,2015/8/14,Vic,Ryegrass_Clover,2.0,0.68,1.7727,5.3182,12.4091,Winter,Winter_Vic_Ryegrass_Clover,4,3.5024514,3.9875424,16.211828
train/ID1498398599.jpg,2015/9/4,Tas,Clover,2.1667,0.36,11.0375,5.6471,1.2834,Spring,Spring_Tas_Clover,3,7.127674,6.286944,1.5384731
train/ID1509266870.jpg,2015/8/14,Vic,Ryegrass_Clover,4.0,0.77,2.775,2.775,27.75,Winter,Winter_Vic_Ryegrass_Clover,0,2.3435867,3.9013095,23.514826
train/ID1510574031.jpg,2015/10/14,Vic,Phalaris_Clover_Ryegrass_Barleygrass_Bromegrass,5.1667,0.51,7.2336,14.4672,19.4992,Spring,Spring_Vic_Phalaris_Clover_Ryegrass_Barleygrass_Bromegrass,4,3.3837116,27.509237,21.966883
train/ID1512751450.jpg,2015/9/11,Tas,Ryegrass,3.8333,0.77,0.3786,9.6678,19.656,Spring,Spring_Tas_Ryegrass,0,0.1289388,13.923853,20.403126
train/ID1513184765.jpg,2015/6/26,Tas,Ryegrass_Clover,1.0,0.41,0.0,5.0118,6.1574,Winter,Winter_Tas_Ryegrass_Clover,0,0.30033273,4.1529703,6.3326993
train/ID1515990019.jpg,2015/9/3,Tas,Ryegrass_Clover,2.1667,0.41,0.0,1.3,11.9,Spring,Spring_Tas_Ryegrass_Clover,3,0.0,1.0973408,8.897079
train/ID1516374298.jpg,2015/7/8,WA,Clover,1.0,0.3,9.0,0.0,1.7,Winter,Winter_WA_Clover,3,7.8503494,0.098993585,0.8242218
train/ID152157478.jpg,2015/9/29,Vic,Ryegrass_Clover,17.0,0.84,35.1643,7.9034,64.3724,Spring,Spring_Vic_Ryegrass_Clover,3,64.42055,10.065294,47.703697
train/ID1525817840.jpg,2015/8/18,Vic,Phalaris_Clover,3.8,0.72,7.7677,32.3656,20.0667,Winter,Winter_Vic_Phalaris_Clover,4,4.2743807,17.835773,31.743912
train/ID1540480250.jpg,2015/2/24,NSW,Phalaris,20.0,0.58,0.0,3.6485,116.7515,Summer,Summer_NSW_Phalaris,2,0.029647538,7.9712324,70.90725
train/ID1545077474.jpg,2015/11/9,Tas,Ryegrass_Clover,3.5,0.4,0.0,19.2,8.8,Spring,Spring_Tas_Ryegrass_Clover,0,1.1806104,23.346466,7.2595544
train/ID1547945326.jpg,2015/9/3,Tas,Ryegrass_Clover,2.1667,0.74,6.2816,4.2493,10.7156,Spring,Spring_Tas_Ryegrass_Clover,3,3.094734,7.2921724,23.401562
train/ID1559189397.jpg,2015/5/7,NSW,Lucerne,23.0,0.56,0.0,1.0805,22.4195,Autumn,Autumn_NSW_Lucerne,3,0.021063218,1.4908105,23.015594
train/ID1563418511.jpg,2015/2/24,NSW,Phalaris,34.0,0.7,0.0,4.5904,107.1096,Summer,Summer_NSW_Phalaris,0,0.31100473,6.9554987,123.457886
train/ID1570190541.jpg,2015/11/9,Tas,Clover,2.3333,0.55,16.6157,7.8376,0.1568,Spring,Spring_Tas_Clover,0,15.91492,12.306711,0.45776907
train/ID1573329652.jpg,2015/1/15,NSW,Fescue_CrumbWeed,6.0,0.61,0.0,19.2015,22.2985,Summer,Summer_NSW_Fescue_CrumbWeed,2,0.013056381,18.928804,27.285145
train/ID1574125908.jpg,2015/2/24,NSW,Ryegrass,7.0,0.42,0.0,3.5379,43.1621,Summer,Summer_NSW_Ryegrass,0,0.11750088,4.0503483,33.604515
train/ID157479394.jpg,2015/2/24,NSW,Phalaris,37.0,0.69,0.0,4.8579,129.3421,Summer,Summer_NSW_Phalaris,3,0.008745811,2.8382325,125.70231
train/ID1579942839.jpg,2015/9/4,Tas,Clover,2.5,0.66,14.886,2.6661,3.3327,Spring,Spring_Tas_Clover,2,16.230343,3.020701,1.43185
train/ID158170916.jpg,2015/11/10,Tas,Ryegrass_Clover,8.8333,0.91,5.3547,33.0205,69.6107,Spring,Spring_Tas_Ryegrass_Clover,1,4.8497605,22.715775,77.47526
train/ID1590632667.jpg,2015/11/9,Tas,Ryegrass_Clover,3.8333,0.7,3.1807,24.2887,31.2284,Spring,Spring_Tas_Ryegrass_Clover,2,2.609924,22.374783,23.715607
train/ID1618145129.jpg,2015/11/10,Tas,Ryegrass_Clover,4.1667,0.84,0.0,10.3826,37.1257,Spring,Spring_Tas_Ryegrass_Clover,1,0.8201154,21.905811,41.038017
train/ID1618597318.jpg,2015/9/3,Tas,Ryegrass_Clover,2.1667,0.65,1.1195,2.239,33.0259,Spring,Spring_Tas_Ryegrass_Clover,1,0.35843635,3.2583523,29.99115
train/ID1620371305.jpg,2015/9/30,Vic,Phalaris_Clover,10.0,0.79,17.0913,6.4092,57.0895,Spring,Spring_Vic_Phalaris_Clover,4,20.965397,8.544983,54.771385
train/ID162394992.jpg,2015/2/24,NSW,Ryegrass,9.0,0.61,0.0,1.8459,47.2541,Summer,Summer_NSW_Ryegrass,3,0.0,10.194911,43.314228
train/ID1623964968.jpg,2015/11/9,Tas,Ryegrass_Clover,2.3333,0.44,10.0977,21.4983,19.5439,Spring,Spring_Tas_Ryegrass_Clover,3,10.421826,22.75526,8.529701
train/ID1624268863.jpg,2015/1/15,NSW,Fescue_CrumbWeed,4.0,0.56,0.0,10.168,22.932,Summer,Summer_NSW_Fescue_CrumbWeed,1,0.117757544,18.559244,28.418158
train/ID1634731537.jpg,2015/11/9,Tas,Clover,3.3333,0.64,19.9619,6.8619,0.0,Spring,Spring_Tas_Clover,1,15.505522,6.1381493,0.59002393
train/ID1638922597.jpg,2015/6/29,Tas,WhiteClover,3.0,0.65,10.5353,21.3479,0.2772,Winter,Winter_Tas_WhiteClover,0,8.1605015,22.437458,0.9361572
train/ID1645161155.jpg,2015/9/4,Tas,Ryegrass_Clover,4.5,0.7,0.0,40.6841,19.0515,Spring,Spring_Tas_Ryegrass_Clover,1,0.31048742,37.779896,20.01367
train/ID1655778545.jpg,2015/5/7,NSW,Fescue,5.0,0.62,0.0,17.0357,30.6643,Autumn,Autumn_NSW_Fescue,4,0.055695932,26.975056,46.326378
train/ID1665142816.jpg,2015/7/1,Vic,Phalaris_Clover,4.0,0.73,3.7714,4.7143,24.5143,Winter,Winter_Vic_Phalaris_Clover,1,6.043855,3.7382321,21.604935
train/ID1667778338.jpg,2015/8/14,Vic,Ryegrass_Clover,5.0,0.77,3.9,9.75,29.25,Winter,Winter_Vic_Ryegrass_Clover,2,3.05812,4.8081,29.969381
train/ID1671844336.jpg,2015/6/26,Tas,Ryegrass_Clover,3.0,0.68,0.8024,8.4248,12.0354,Winter,Winter_Tas_Ryegrass_Clover,1,0.8512891,12.985794,7.50634
train/ID1675365449.jpg,2015/9/30,Vic,Phalaris_Clover,16.0,0.79,1.4833,12.2372,89.7395,Spring,Spring_Vic_Phalaris_Clover,4,1.6780307,9.148491,66.234085
train/ID1680597197.jpg,2015/2/25,NSW,Fescue,12.0,0.69,0.0,8.6171,84.1829,Summer,Summer_NSW_Fescue,2,0.40205082,17.71078,94.24545
train/ID1692894460.jpg,2015/11/9,Tas,Clover,3.5,0.69,30.1768,14.7741,0.3143,Spring,Spring_Tas_Clover,0,40.743614,9.742497,0.4539178
train/ID1693880739.jpg,2015/6/26,Vic,Phalaris_Ryegrass_Clover,4.0,0.85,0.0,4.7385,30.4615,Winter,Winter_Vic_Phalaris_Ryegrass_Clover,2,3.1840396,5.7190695,21.907433
train/ID1703304524.jpg,2015/11/10,Tas,Ryegrass_Clover,7.0,0.86,2.5821,46.4778,47.7689,Spring,Spring_Tas_Ryegrass_Clover,4,1.7752482,25.96471,56.980366
train/ID1717006117.jpg,2015/10/14,Vic,Phalaris_Clover_Ryegrass_Barleygrass_Bromegrass,6.1667,0.57,18.0129,18.9135,32.8735,Spring,Spring_Vic_Phalaris_Clover_Ryegrass_Barleygrass_Bromegrass,3,12.078123,27.440907,27.488943
train/ID1729002155.jpg,2015/10/6,NSW,Fescue,5.6667,0.34,0.0,20.7462,19.8538,Spring,Spring_NSW_Fescue,2,0.0745354,25.74343,25.066893
train/ID1746343319.jpg,2015/11/9,Tas,Ryegrass_Clover,2.5,0.35,0.6,18.0,6.9,Spring,Spring_Tas_Ryegrass_Clover,4,0.9984314,16.162325,4.955128
train/ID1753847361.jpg,2015/9/30,Vic,Phalaris_Clover,17.0,0.83,34.9938,3.5437,51.2725,Spring,Spring_Vic_Phalaris_Clover,3,40.859016,8.419812,63.975903
train/ID1761544403.jpg,2015/8/21,WA,Clover,1.0,0.54,32.64,0.0,0.0,Winter,Winter_WA_Clover,1,24.717178,0.0087636905,0.4130783
train/ID1781353117.jpg,2015/5/18,Tas,Ryegrass,4.0,0.69,1.7583,11.0291,15.185,Autumn,Autumn_Tas_Ryegrass,4,1.928888,18.478693,17.078556
train/ID1782509721.jpg,2015/10/6,NSW,Fescue,8.0,0.39,0.0,26.2626,30.1374,Spring,Spring_NSW_Fescue,2,0.0,25.259838,32.861572
train/ID1782608354.jpg,2015/9/1,WA,Ryegrass,17.0,0.81,0.07,0.0,72.1,Spring,Spring_WA_Ryegrass,3,0.18637784,0.4044916,66.416405
train/ID1783499590.jpg,2015/6/26,Vic,Ryegrass,5.5,0.8,1.1385,18.2154,13.6615,Winter,Winter_Vic_Ryegrass,3,0.8688628,17.723124,10.331371
train/ID1784585001.jpg,2015/11/9,Tas,Clover,4.5,0.8,35.0394,12.3111,3.788,Spring,Spring_Tas_Clover,4,50.278316,17.379227,1.936229
train/ID1789265307.jpg,2015/11/9,Tas,Clover,7.1667,0.87,69.8783,19.3509,1.0751,Spring,Spring_Tas_Clover,4,73.28686,25.793182,2.9383502
train/ID1789834546.jpg,2015/10/14,Vic,Phalaris_Clover_Ryegrass_Barleygrass_Bromegrass,4.1667,0.52,6.5244,14.8756,21.4,Spring,Spring_Vic_Phalaris_Clover_Ryegrass_Barleygrass_Bromegrass,0,6.440238,26.591564,20.993433
train/ID1789853061.jpg,2015/8/18,Vic,Phalaris_Clover,5.2,0.87,12.9283,7.5415,36.6302,Winter,Winter_Vic_Phalaris_Clover,4,13.763449,7.573784,38.5182
train/ID1831254380.jpg,2015/11/9,Tas,Clover,5.3333,0.84,71.7865,15.758,0.8754,Spring,Spring_Tas_Clover,3,66.06824,22.206375,1.83948
train/ID1839139621.jpg,2015/5/18,Tas,Ryegrass,8.0,0.8,0.0,10.3894,31.5263,Autumn,Autumn_Tas_Ryegrass,2,0.04661396,7.5812593,33.93234
train/ID1853508321.jpg,2015/9/3,Tas,Ryegrass_Clover,1.6667,0.45,0.0,1.1786,28.5232,Spring,Spring_Tas_Ryegrass_Clover,0,0.039975636,1.4563082,23.493322
train/ID1857489997.jpg,2015/7/1,Vic,Phalaris_Clover,3.0,0.66,2.3478,2.3478,13.3043,Winter,Winter_Vic_Phalaris_Clover,1,1.77472,4.734276,16.357014
train/ID1859251563.jpg,2015/1/15,NSW,Lucerne,70.0,0.83,0.0,6.9,119.6,Summer,Summer_NSW_Lucerne,1,0.016044822,3.8052857,94.45083
train/ID1859792585.jpg,2015/5/18,Tas,Ryegrass,4.0,0.62,0.7708,30.83,22.6087,Autumn,Autumn_Tas_Ryegrass,2,0.6700355,30.946186,12.748332
train/ID1868719645.jpg,2015/7/2,Vic,Ryegrass_Clover,4.0,0.77,4.8348,2.4174,20.5478,Winter,Winter_Vic_Ryegrass_Clover,4,5.0413256,2.0556176,20.059132
train/ID187238869.jpg,2015/9/29,Vic,Ryegrass_Clover,4.0,0.75,11.8881,2.972,28.9098,Spring,Spring_Vic_Ryegrass_Clover,1,11.380736,5.6421175,34.33155
train/ID1874904894.jpg,2015/10/13,Vic,Phalaris_BarleyGrass_SilverGrass_SpearGrass_Clover_Capeweed,3.0,0.3,0.0,29.1542,4.1458,Spring,Spring_Vic_Phalaris_BarleyGrass_SilverGrass_SpearGrass_Clover_Capeweed,0,0.9712551,20.74207,5.769452
train/ID1876271942.jpg,2015/2/24,NSW,Ryegrass,10.0,0.68,0.0,8.3614,47.9386,Summer,Summer_NSW_Ryegrass,4,0.27334848,8.519664,60.953175
train/ID1880764911.jpg,2015/5/18,Tas,Ryegrass,5.0,0.52,5.9821,21.9343,15.1546,Autumn,Autumn_Tas_Ryegrass,1,0.64005905,25.514973,12.620782
train/ID1888700589.jpg,2015/7/8,WA,Clover,2.0,0.64,1.62,0.0,20.9,Winter,Winter_WA_Clover,3,6.056183,0.43598288,11.342091
train/ID1889150649.jpg,2015/9/1,WA,SubcloverLosa,1.0,0.32,2.48,0.0,0.0,Spring,Spring_WA_SubcloverLosa,3,3.9614232,0.031130916,0.14529143
train/ID1894998379.jpg,2015/10/13,Vic,Phalaris_BarleyGrass_SilverGrass_SpearGrass_Clover_Capeweed,4.3,0.42,13.4778,35.0985,8.4236,Spring,Spring_Vic_Phalaris_BarleyGrass_SilverGrass_SpearGrass_Clover_Capeweed,0,6.902472,29.82985,12.128811
train/ID1899025384.jpg,2015/6/26,Tas,Ryegrass_Clover,4.0,0.7,0.4133,8.6803,11.1604,Winter,Winter_Tas_Ryegrass_Clover,2,0.19441962,12.55419,17.259604
train/ID1920959057.jpg,2015/7/2,Vic,Ryegrass_Clover,3.0,0.74,3.5619,2.6714,12.4667,Winter,Winter_Vic_Ryegrass_Clover,3,2.445991,3.080276,15.277428
train/ID193102215.jpg,2015/4/1,NSW,Lucerne,32.0,0.66,0.0,0.0,22.8,Autumn,Autumn_NSW_Lucerne,3,0.054265935,0.23759449,25.277683
train/ID1946311744.jpg,2015/9/29,Vic,Ryegrass_Clover,8.0,0.83,28.5594,2.8017,40.3989,Spring,Spring_Vic_Ryegrass_Clover,3,25.978067,2.770031,42.74289
train/ID194823383.jpg,2015/7/8,WA,Clover,3.0,0.66,4.91,0.0,20.8,Winter,Winter_WA_Clover,4,17.121561,0.10842778,8.674176
train/ID1948354837.jpg,2015/1/15,NSW,Fescue_CrumbWeed,5.0,0.63,0.0,14.4659,19.0341,Summer,Summer_NSW_Fescue_CrumbWeed,0,0.20753095,16.74666,28.376247
train/ID1952813879.jpg,2015/6/26,Vic,Ryegrass,3.5,0.68,0.5875,8.225,3.525,Winter,Winter_Vic_Ryegrass,4,0.618564,10.971284,3.8173802
train/ID1953171547.jpg,2015/9/4,Tas,Ryegrass_Clover,5.5,0.44,0.692,58.7479,15.989,Spring,Spring_Tas_Ryegrass_Clover,3,0.38685662,45.38042,15.009578
train/ID1953218650.jpg,2015/11/10,Tas,Ryegrass_Clover,3.1667,0.5,3.8,5.2,6.7,Spring,Spring_Tas_Ryegrass_Clover,0,2.333007,8.820063,8.841441
train/ID1954669045.jpg,2015/6/30,Vic,Phalaris_Clover,2.8,0.78,6.859,10.469,18.772,Winter,Winter_Vic_Phalaris_Clover,1,6.169474,9.381442,16.580608
train/ID1962197151.jpg,2015/4/1,NSW,Lucerne,35.0,0.72,0.0,0.0,22.0,Autumn,Autumn_NSW_Lucerne,4,0.035814445,0.46667928,27.679306
train/ID1962379474.jpg,2015/11/10,Tas,Ryegrass_Clover,5.1667,0.55,1.4451,40.1734,17.341,Spring,Spring_Tas_Ryegrass_Clover,1,1.1332926,31.004105,15.442831
train/ID1963715583.jpg,2015/7/8,WA,Clover,1.0,0.16,0.34,0.0,0.7,Winter,Winter_WA_Clover,4,1.1397091,0.03401525,0.9582796
train/ID196516535.jpg,2015/5/18,Tas,Ryegrass,3.0,0.45,0.5231,24.8461,9.0231,Autumn,Autumn_Tas_Ryegrass,3,0.26231247,30.73063,9.714804
train/ID1970522802.jpg,2015/5/7,NSW,Fescue,4.0,0.55,0.0,13.5089,32.8911,Autumn,Autumn_NSW_Fescue,0,0.08333432,21.534145,25.069883
train/ID1976436386.jpg,2015/10/14,Vic,Phalaris_Clover_Ryegrass_Barleygrass_Bromegrass,6.0,0.52,7.9555,25.2703,26.6742,Spring,Spring_Vic_Phalaris_Clover_Ryegrass_Barleygrass_Bromegrass,2,4.24227,30.163015,21.261646
train/ID1980675327.jpg,2015/6/26,Tas,Ryegrass_Clover,1.0,0.59,2.6598,9.0024,14.7312,Winter,Winter_Tas_Ryegrass_Clover,2,1.629751,8.935369,14.934255
train/ID1982662138.jpg,2015/4/1,NSW,Lucerne,33.0,0.79,0.0,1.1594,35.9406,Autumn,Autumn_NSW_Lucerne,4,0.0072917617,0.6516384,33.274822
train/ID1988033238.jpg,2015/8/18,Vic,Phalaris_Clover,3.2,0.76,4.8803,12.4718,21.1479,Winter,Winter_Vic_Phalaris_Clover,1,3.8187053,12.139742,22.50401
train/ID1989506559.jpg,2015/11/10,Tas,Ryegrass_Clover,4.3333,0.8,15.202,8.1077,28.377,Spring,Spring_Tas_Ryegrass_Clover,0,7.1633377,4.94274,27.546986
train/ID1993907137.jpg,2015/5/18,Tas,Ryegrass,3.0,0.5,0.1834,12.8356,15.9528,Autumn,Autumn_Tas_Ryegrass,4,1.062926,26.826712,12.748528
train/ID1997244125.jpg,2015/6/26,Tas,Ryegrass_Clover,3.0,0.4,0.0,46.0672,4.1536,Winter,Winter_Tas_Ryegrass_Clover,3,0.37563604,28.728638,9.073679
train/ID2002797732.jpg,2015/7/1,Vic,Phalaris_Clover,2.0,0.66,0.55,3.3,9.35,Winter,Winter_Vic_Phalaris_Clover,2,2.1036196,4.4986134,14.759146
train/ID2003438517.jpg,2015/7/2,Vic,Ryegrass_Clover,4.0,0.74,5.2,2.08,13.52,Winter,Winter_Vic_Ryegrass_Clover,2,4.810922,2.3664634,17.776089
train/ID2006686196.jpg,2015/10/14,Vic,Phalaris_Clover_Ryegrass_Barleygrass_Bromegrass,9.3333,0.46,0.0,38.8581,28.0419,Spring,Spring_Vic_Phalaris_Clover_Ryegrass_Barleygrass_Bromegrass,1,1.2439845,29.741894,25.59512
train/ID2010625680.jpg,2015/7/8,WA,Clover,3.0,0.75,37.5911,0.0,5.0589,Winter,Winter_WA_Clover,1,51.663464,0.02995343,3.0434613
train/ID2014192906.jpg,2015/6/26,Vic,Ryegrass,3.0,0.63,0.5,7.0,3.0,Winter,Winter_Vic_Ryegrass,4,0.30666614,10.404886,3.5373325
train/ID2030696575.jpg,2015/11/9,Tas,Clover,1.1667,0.31,2.1,2.6,1.6,Spring,Spring_Tas_Clover,2,3.1519077,3.7060134,0.79543775
train/ID2037861084.jpg,2015/6/30,Vic,Phalaris_Clover,3.8,0.77,0.0,12.2169,28.6831,Winter,Winter_Vic_Phalaris_Clover,2,0.8056019,21.025501,21.169525
train/ID2048645043.jpg,2015/6/26,Vic,Ryegrass,4.0,0.76,4.186,11.5116,10.4651,Winter,Winter_Vic_Ryegrass,0,4.4672313,7.8213377,13.669307
train/ID2052442675.jpg,2015/5/19,Tas,Ryegrass_Clover,2.0,0.43,0.0,2.7,14.5,Autumn,Autumn_Tas_Ryegrass_Clover,3,0.083147734,2.643067,11.809296
train/ID2052993274.jpg,2015/2/24,NSW,Phalaris,32.0,0.66,0.0,1.7764,103.6236,Summer,Summer_NSW_Phalaris,1,0.04805068,1.7390091,107.06114
train/ID2053315094.jpg,2015/2/25,NSW,Fescue,12.0,0.57,0.0,17.8111,50.8889,Summer,Summer_NSW_Fescue,1,0.0,15.568011,77.87315
train/ID2056023629.jpg,2015/2/25,NSW,Fescue,12.0,0.68,0.0,25.1357,57.6643,Summer,Summer_NSW_Fescue,0,0.16407247,14.418828,69.53831
train/ID2056982009.jpg,2015/9/29,Vic,Ryegrass_Clover,3.0,0.72,4.0868,1.5598,30.8534,Spring,Spring_Vic_Ryegrass_Clover,2,3.5447223,4.5257277,31.573618
train/ID2069766023.jpg,2015/6/26,Tas,Ryegrass_Clover,5.0,0.44,1.8208,32.7742,6.1907,Winter,Winter_Tas_Ryegrass_Clover,1,0.7370243,26.254538,7.325801
train/ID2086966681.jpg,2015/6/29,Tas,WhiteClover,3.0,0.57,3.804,30.7245,1.7557,Winter,Winter_Tas_WhiteClover,1,3.04386,25.421877,1.966917
train/ID2089023774.jpg,2015/9/29,Vic,Ryegrass_Clover,5.0,0.81,17.5189,1.3042,33.4869,Spring,Spring_Vic_Ryegrass_Clover,0,13.9967575,3.0265691,39.4705
train/ID2091439402.jpg,2015/6/26,Vic,Phalaris_Ryegrass_Clover,3.5,0.82,1.0962,4.9327,22.4712,Winter,Winter_Vic_Phalaris_Ryegrass_Clover,1,0.8021389,5.0287647,20.857105
train/ID2096636211.jpg,2015/10/13,Vic,Phalaris_BarleyGrass_SilverGrass_SpearGrass_Clover_Capeweed,2.8,0.38,2.6,32.2,11.4,Spring,Spring_Vic_Phalaris_BarleyGrass_SilverGrass_SpearGrass_Clover_Capeweed,1,1.8508095,22.737844,7.651999
train/ID2099464826.jpg,2015/10/6,NSW,Fescue,10.6667,0.65,0.0,25.28,69.52,Spring,Spring_NSW_Fescue,4,0.14320062,37.22233,69.13743
train/ID2099742797.jpg,2015/7/2,Vic,Ryegrass_Clover,2.0,0.75,4.14,1.38,15.18,Winter,Winter_Vic_Ryegrass_Clover,4,3.6865609,2.6925044,19.090084
train/ID210865340.jpg,2015/7/1,Tas,Ryegrass,4.0,0.67,0.0,9.0731,12.9966,Winter,Winter_Tas_Ryegrass,4,0.1870912,10.532346,22.15649
train/ID212206250.jpg,2015/7/8,WA,Clover,1.0,0.3,7.32,0.0,2.4,Winter,Winter_WA_Clover,2,8.434988,0.11668315,1.8504612
train/ID212206832.jpg,2015/6/26,Vic,Ryegrass,3.0,0.75,0.7014,13.3262,5.6924,Winter,Winter_Vic_Ryegrass,2,1.0244087,12.974321,6.3360577
train/ID2125100696.jpg,2015/8/14,Vic,Phalaris_Clover,5.0,0.8,14.8364,4.9455,34.6182,Winter,Winter_Vic_Phalaris_Clover,2,15.088392,4.349931,30.129282
train/ID2131261930.jpg,2015/11/9,Tas,Ryegrass_Clover,4.5,0.73,6.744,42.7122,31.4721,Spring,Spring_Tas_Ryegrass_Clover,3,4.6118174,27.265274,25.378107
train/ID21377800.jpg,2015/6/26,Tas,Ryegrass_Clover,4.0,0.59,0.48,28.3224,9.1208,Winter,Winter_Tas_Ryegrass_Clover,0,0.8560585,29.348389,9.948509
train/ID2145635095.jpg,2015/7/1,Tas,Ryegrass,6.0,0.73,0.0,17.5621,22.7022,Winter,Winter_Tas_Ryegrass,2,0.031583663,7.9700303,25.001415
train/ID227847873.jpg,2015/9/29,Vic,Ryegrass_Clover,3.0,0.71,8.6387,7.5836,23.9377,Spring,Spring_Vic_Ryegrass_Clover,1,4.9295487,5.2221317,25.68156
train/ID230058600.jpg,2015/8/21,WA,Clover,3.0,0.67,46.83,0.0,0.0,Winter,Winter_WA_Clover,3,19.991835,0.787092,4.02124
train/ID249042826.jpg,2015/9/4,Tas,Clover,2.8333,0.53,10.6616,3.8769,1.8,Spring,Spring_Tas_Clover,3,10.830325,6.0772214,1.6868702
train/ID257822026.jpg,2015/11/10,Tas,Ryegrass_Clover,7.1667,0.59,0.0,58.125,24.0,Spring,Spring_Tas_Ryegrass_Clover,2,0.20017168,26.922256,26.623587
train/ID290369222.jpg,2015/5/18,Tas,Ryegrass,8.0,0.85,0.0,11.4741,40.8478,Autumn,Autumn_Tas_Ryegrass,4,0.6028405,17.15351,34.246716
train/ID294150104.jpg,2015/9/29,Vic,Ryegrass_Clover,3.0,0.78,13.9876,3.167,20.5855,Spring,Spring_Vic_Ryegrass_Clover,2,10.296728,2.6089644,26.00056
train/ID307060225.jpg,2015/6/26,Tas,Ryegrass_Clover,2.0,0.53,0.3031,15.6092,14.2453,Winter,Winter_Tas_Ryegrass_Clover,1,0.08442513,19.506763,11.37434
train/ID315357834.jpg,2015/7/1,Tas,Ryegrass,6.0,0.83,0.0,5.7792,27.2448,Winter,Winter_Tas_Ryegrass,0,0.11756618,12.212027,26.529835
train/ID317990700.jpg,2015/9/4,Tas,Ryegrass_Clover,5.5,0.75,0.0,38.1288,27.5062,Spring,Spring_Tas_Ryegrass_Clover,0,0.4115506,40.0092,24.489025
train/ID325799913.jpg,2015/10/13,Vic,Phalaris_BarleyGrass_SilverGrass_SpearGrass_Clover_Capeweed,3.2,0.37,2.797,19.2502,11.3527,Spring,Spring_Vic_Phalaris_BarleyGrass_SilverGrass_SpearGrass_Clover_Capeweed,4,3.8623385,17.968058,8.601713
train/ID332742639.jpg,2015/8/18,Vic,Phalaris_Clover,2.5,0.77,6.4127,3.3949,19.9924,Winter,Winter_Vic_Phalaris_Clover,2,7.7902784,4.3069067,12.039789
train/ID342818398.jpg,2015/9/29,Vic,Ryegrass_Clover,3.0,0.72,24.0237,3.1815,13.8948,Spring,Spring_Vic_Ryegrass_Clover,4,17.950668,3.583847,23.20611
train/ID344618040.jpg,2015/5/18,Tas,Ryegrass,4.0,0.6,0.0,6.7327,14.9081,Autumn,Autumn_Tas_Ryegrass,0,0.049171526,9.484521,15.252047
train/ID353424190.jpg,2015/2/25,NSW,Fescue,6.0,0.41,0.0,6.2143,22.7857,Summer,Summer_NSW_Fescue,2,0.0,9.38715,34.865387
train/ID353997899.jpg,2015/6/30,Vic,Phalaris_Clover,3.0,0.68,9.5934,35.7574,7.8492,Winter,Winter_Vic_Phalaris_Clover,2,8.975647,18.110817,9.442674
train/ID354528442.jpg,2015/2/24,NSW,Ryegrass,10.0,0.68,0.0,8.3077,56.4923,Summer,Summer_NSW_Ryegrass,2,0.047957785,7.806798,45.981438
train/ID363069566.jpg,2015/5/19,Tas,Ryegrass_Clover,3.0,0.68,0.2,5.5,12.5,Autumn,Autumn_Tas_Ryegrass_Clover,4,0.27168146,10.5547695,11.987955
train/ID364856705.jpg,2015/9/3,Tas,Ryegrass_Clover,3.3333,0.85,2.7638,4.6064,34.0871,Spring,Spring_Tas_Ryegrass_Clover,3,2.1774635,6.07409,20.718029
train/ID380752847.jpg,2015/9/1,WA,Ryegrass,14.0,0.81,0.0,0.0,58.98,Spring,Spring_WA_Ryegrass,2,0.11898843,0.50621724,65.9247
train/ID383231615.jpg,2015/6/26,Vic,Phalaris_Ryegrass_Clover,4.0,0.86,3.1698,5.7057,24.7245,Winter,Winter_Vic_Phalaris_Ryegrass_Clover,2,2.4135194,4.121251,25.150772
train/ID384648061.jpg,2015/10/6,NSW,Fescue,14.6667,0.85,0.0,27.7164,157.9836,Spring,Spring_NSW_Fescue,1,0.12108272,14.546153,142.32755
train/ID386216505.jpg,2015/8/14,Vic,Phalaris_Clover,4.0,0.63,3.0667,7.6667,21.4667,Winter,Winter_Vic_Phalaris_Clover,3,4.4738116,9.662543,23.795702
train/ID397994621.jpg,2015/5/7,NSW,Fescue,9.0,0.86,0.0,0.0,81.0,Autumn,Autumn_NSW_Fescue,0,0.19563249,7.3141227,74.64003
train/ID407646960.jpg,2015/2/25,NSW,Fescue,11.0,0.59,0.0,35.5862,71.9138,Summer,Summer_NSW_Fescue,0,0.12480573,26.315174,75.675354
train/ID40849327.jpg,2015/8/21,WA,Clover,4.0,0.81,51.97,0.0,0.0,Winter,Winter_WA_Clover,0,61.916542,0.35445514,1.4677734
train/ID415656958.jpg,2015/6/26,Vic,Ryegrass,4.0,0.71,1.0707,11.2424,4.8182,Winter,Winter_Vic_Ryegrass,3,1.9340862,9.095718,4.416338
train/ID423506847.jpg,2015/8/18,Vic,Phalaris_Clover,5.0,0.84,0.9821,10.8036,43.2143,Winter,Winter_Vic_Phalaris_Clover,2,1.3612859,6.919974,40.24604
train/ID429799190.jpg,2015/10/13,Vic,Phalaris_BarleyGrass_SilverGrass_SpearGrass_Clover_Capeweed,4.5,0.44,5.9241,21.8114,16.9645,Spring,Spring_Vic_Phalaris_BarleyGrass_SilverGrass_SpearGrass_Clover_Capeweed,1,5.7301846,27.881643,11.62448
train/ID431471530.jpg,2015/4/1,NSW,Lucerne,32.0,0.78,0.0,1.2764,45.5236,Autumn,Autumn_NSW_Lucerne,1,0.03847445,0.5443377,40.370872
train/ID443091455.jpg,2015/10/14,Vic,Phalaris_Clover_Ryegrass_Barleygrass_Bromegrass,4.6667,0.66,22.2594,11.9858,26.2547,Spring,Spring_Vic_Phalaris_Clover_Ryegrass_Barleygrass_Bromegrass,4,11.297516,22.199242,37.332287
train/ID4464212.jpg,2015/5/18,Tas,Ryegrass,6.0,0.87,2.3192,8.1172,28.4103,Autumn,Autumn_Tas_Ryegrass,0,0.892161,15.7155485,34.596703
train/ID471758347.jpg,2015/8/14,Vic,Phalaris_Clover,6.0,0.74,0.0,3.3222,26.5778,Winter,Winter_Vic_Phalaris_Clover,4,1.1906338,3.9291635,25.442913
train/ID473494649.jpg,2015/9/1,WA,SubcloverDalkeith,1.0,0.54,10.88,0.0,0.0,Spring,Spring_WA_SubcloverDalkeith,2,10.445795,0.22627035,0.023340791
train/ID475010202.jpg,2015/9/1,WA,SubcloverLosa,1.0,0.71,36.76,0.0,0.0,Spring,Spring_WA_SubcloverLosa,2,42.894947,0.43392605,0.013999479
train/ID482555369.jpg,2015/7/1,Tas,Ryegrass,3.0,0.34,0.0,15.9,2.5,Winter,Winter_Tas_Ryegrass,4,0.21990077,12.865753,4.2200813
train/ID48303557.jpg,2015/6/26,Tas,Ryegrass_Clover,4.0,0.8,0.0,13.2399,60.0887,Winter,Winter_Tas_Ryegrass_Clover,4,0.5629453,10.753302,28.721996
train/ID488873801.jpg,2015/6/26,Tas,Ryegrass_Clover,2.0,0.62,0.7552,8.3076,22.9088,Winter,Winter_Tas_Ryegrass_Clover,3,2.6906397,17.390759,14.670052
train/ID490139972.jpg,2015/5/18,Tas,Ryegrass,9.0,0.79,0.0,9.9537,35.9864,Autumn,Autumn_Tas_Ryegrass,3,0.086816505,8.626438,25.229263
train/ID498304885.jpg,2015/5/7,NSW,Lucerne,24.0,0.67,0.0,7.4132,22.4868,Autumn,Autumn_NSW_Lucerne,0,0.11685983,6.058469,34.725697
train/ID50027657.jpg,2015/8/14,Vic,Phalaris_Clover,4.0,0.76,7.2429,3.6214,39.8357,Winter,Winter_Vic_Phalaris_Clover,3,6.8508697,4.891725,30.083904
train/ID520514019.jpg,2015/7/2,Vic,Ryegrass_Clover,3.0,0.73,1.687,3.3739,14.3391,Winter,Winter_Vic_Ryegrass_Clover,1,2.0107384,4.8477545,14.835393
train/ID528010569.jpg,2015/8/18,Vic,Phalaris_Clover,3.8,0.85,7.1746,7.1746,30.8508,Winter,Winter_Vic_Phalaris_Clover,4,4.722697,5.88842,34.43736
train/ID529933668.jpg,2015/8/18,Vic,Phalaris_Clover,6.3,0.82,4.0159,7.2286,39.3556,Winter,Winter_Vic_Phalaris_Clover,4,3.9677246,9.503358,45.973946
train/ID534966093.jpg,2015/8/14,Vic,Ryegrass_Clover,4.0,0.75,7.6364,7.6364,26.7273,Winter,Winter_Vic_Ryegrass_Clover,1,4.292256,3.8685143,24.106977
train/ID54128926.jpg,2015/11/10,Tas,Ryegrass_Clover,6.8333,0.77,0.0,24.4653,39.1446,Spring,Spring_Tas_Ryegrass_Clover,4,0.21651217,19.435276,32.015774
train/ID544444725.jpg,2015/10/6,NSW,Fescue,13.0,0.59,0.0,44.5775,60.9225,Spring,Spring_NSW_Fescue,3,0.03587152,30.551044,73.821556
train/ID545360459.jpg,2015/9/1,WA,Ryegrass,10.0,0.71,0.0,0.0,47.73,Spring,Spring_WA_Ryegrass,1,0.37957942,0.6484278,29.093449
train/ID550623196.jpg,2015/9/3,Tas,Ryegrass_Clover,1.5,0.67,1.581,4.1107,15.9684,Spring,Spring_Tas_Ryegrass_Clover,0,1.6703377,4.1860275,10.616472
train/ID552040066.jpg,2015/2/24,NSW,Phalaris,7.0,0.37,0.0,6.592,24.108,Summer,Summer_NSW_Phalaris,0,0.043234773,8.057707,24.094507
train/ID554314721.jpg,2015/1/15,NSW,Lucerne,49.0,0.69,0.0,2.7,50.9,Summer,Summer_NSW_Lucerne,4,0.019792581,7.816678,55.861076
train/ID560946727.jpg,2015/9/11,Tas,Ryegrass,3.6667,0.74,0.0,13.0842,21.0896,Spring,Spring_Tas_Ryegrass,4,0.4842309,9.626062,16.315868
train/ID566966892.jpg,2015/7/1,Vic,Phalaris_Clover,3.0,0.66,0.9714,3.8857,15.5429,Winter,Winter_Vic_Phalaris_Clover,0,0.57339203,3.0331485,13.721423
train/ID567744300.jpg,2015/9/3,Tas,Ryegrass_Clover,2.3333,0.57,0.0,2.1953,20.6355,Spring,Spring_Tas_Ryegrass_Clover,4,0.046785742,1.9140999,21.097698
train/ID572336285.jpg,2015/11/9,Tas,Ryegrass_Clover,3.0,0.68,22.5242,26.1571,18.8913,Spring,Spring_Tas_Ryegrass_Clover,2,16.415663,20.563242,18.569977
train/ID574213894.jpg,2015/11/10,Tas,Ryegrass_Clover,8.0,0.88,31.2684,28.8632,25.6561,Spring,Spring_Tas_Ryegrass_Clover,4,68.99964,14.534917,20.137394
train/ID576137678.jpg,2015/7/1,Tas,Ryegrass,4.0,0.59,0.0,33.0159,12.6389,Winter,Winter_Tas_Ryegrass,3,0.13449712,16.012981,13.745691
train/ID576621307.jpg,2015/1/15,NSW,Lucerne,63.0,0.73,0.0,2.4,60.2,Summer,Summer_NSW_Lucerne,4,0.0077063553,2.5804572,73.11061
train/ID577112774.jpg,2015/9/1,WA,SubcloverDalkeith,1.0,0.49,10.23,0.0,0.0,Spring,Spring_WA_SubcloverDalkeith,3,12.404089,0.25912324,0.029715693
train/ID587125778.jpg,2015/6/29,Tas,WhiteClover,2.0,0.54,4.0911,25.3648,1.6364,Winter,Winter_Tas_WhiteClover,0,3.472794,20.813717,0.86118937
train/ID588120964.jpg,2015/10/6,NSW,Fescue,17.6667,0.68,0.0,35.1746,83.9254,Spring,Spring_NSW_Fescue,4,0.114377126,18.62877,127.49335
train/ID600602588.jpg,2015/8/14,Vic,Phalaris_Clover,4.0,0.73,2.1111,2.1111,33.7778,Winter,Winter_Vic_Phalaris_Clover,0,2.6872456,4.693117,26.757742
train/ID605134229.jpg,2015/6/26,Tas,Ryegrass_Clover,2.0,0.63,3.6166,3.6166,3.3755,Winter,Winter_Tas_Ryegrass_Clover,2,3.0552351,8.410169,9.846736
train/ID610397481.jpg,2015/7/8,WA,Clover,1.0,0.62,20.6513,0.0,3.0787,Winter,Winter_WA_Clover,1,25.879923,0.08151889,3.087289
train/ID617132135.jpg,2015/5/19,Tas,Ryegrass_Clover,3.0,0.47,0.8,4.7,11.1,Autumn,Autumn_Tas_Ryegrass_Clover,2,0.7459928,4.29008,7.987279
train/ID61833032.jpg,2015/6/30,Vic,Phalaris_Clover,4.8,0.8,0.0,19.6123,41.4877,Winter,Winter_Vic_Phalaris_Clover,3,0.638682,19.353285,30.890575
train/ID6269659.jpg,2015/11/9,Tas,Clover,4.8333,0.75,35.9533,16.3424,2.3346,Spring,Spring_Tas_Clover,3,43.831676,25.616917,2.1549652
train/ID629980789.jpg,2015/7/1,Vic,Phalaris_Clover,6.0,0.77,1.6069,8.0345,36.9586,Winter,Winter_Vic_Phalaris_Clover,4,2.3367996,4.2929974,23.740454
train/ID633775166.jpg,2015/10/13,Vic,Phalaris_BarleyGrass_SilverGrass_SpearGrass_Clover_Capeweed,4.3,0.36,2.812,23.277,7.8111,Spring,Spring_Vic_Phalaris_BarleyGrass_SilverGrass_SpearGrass_Clover_Capeweed,4,1.0160221,28.076838,7.6628213
train/ID638711343.jpg,2015/5/18,Tas,Ryegrass,7.0,0.76,0.0,4.3212,31.3284,Autumn,Autumn_Tas_Ryegrass,3,0.023991754,7.3725915,31.25549
train/ID656251220.jpg,2015/9/11,Tas,Ryegrass,2.8333,0.58,3.7538,5.3961,6.3606,Spring,Spring_Tas_Ryegrass,4,2.3589444,5.7398286,7.925865
train/ID657448172.jpg,2015/6/29,Tas,WhiteClover,1.0,0.39,1.6,2.9,0.2,Winter,Winter_Tas_WhiteClover,3,2.5061269,4.5934067,0.54561114
train/ID661372352.jpg,2015/7/8,WA,Clover,1.0,0.26,0.0,0.0,10.4,Winter,Winter_WA_Clover,1,0.83949554,0.08980156,6.270299
train/ID661817669.jpg,2015/7/1,Vic,Phalaris_Clover,3.0,0.7,1.4577,13.1192,23.3231,Winter,Winter_Vic_Phalaris_Clover,3,3.7103934,5.5663047,23.803455
train/ID663006174.jpg,2015/1/15,NSW,Lucerne,49.0,0.66,0.0,5.8,44.6,Summer,Summer_NSW_Lucerne,3,0.09289805,5.5325675,46.574123
train/ID667059550.jpg,2015/8/14,Vic,Phalaris_Clover,9.0,0.79,8.1529,8.1529,52.9941,Winter,Winter_Vic_Phalaris_Clover,2,5.7039137,6.031698,39.855206
train/ID668330410.jpg,2015/9/11,Tas,Ryegrass,5.3333,0.82,0.0,19.0828,28.9181,Spring,Spring_Tas_Ryegrass,3,0.4547781,16.44965,32.83011
train/ID668475812.jpg,2015/5/7,NSW,Lucerne,42.0,0.78,0.0,52.9301,34.0699,Autumn,Autumn_NSW_Lucerne,2,0.5168631,55.58967,34.59402
train/ID670276799.jpg,2015/1/15,NSW,Fescue_CrumbWeed,6.0,0.66,0.0,23.1943,21.9057,Summer,Summer_NSW_Fescue_CrumbWeed,2,0.091513686,15.994815,29.44963
train/ID679913293.jpg,2015/6/26,Tas,Ryegrass_Clover,3.0,0.53,0.2146,14.3782,6.6526,Winter,Winter_Tas_Ryegrass_Clover,0,0.42223296,18.397724,5.355306
train/ID681680726.jpg,2015/8/21,WA,Clover,1.0,0.66,45.85,0.0,0.0,Winter,Winter_WA_Clover,2,63.822693,0.12895888,0.34099048
train/ID684062938.jpg,2015/10/6,NSW,Fescue,14.3333,0.6,0.0,33.5863,73.0137,Spring,Spring_NSW_Fescue,2,0.054591347,39.825684,85.37641
train/ID684383343.jpg,2015/10/14,Vic,Phalaris_Clover_Ryegrass_Barleygrass_Bromegrass,4.5,0.48,11.7404,16.7719,19.2877,Spring,Spring_Vic_Phalaris_Clover_Ryegrass_Barleygrass_Bromegrass,0,11.299682,18.891195,13.758095
train/ID686797154.jpg,2015/9/3,Tas,Ryegrass_Clover,2.5,0.8,3.5026,5.2539,23.6424,Spring,Spring_Tas_Ryegrass_Clover,1,2.7107184,7.2087708,25.883823
train/ID697059386.jpg,2015/6/29,Tas,WhiteClover,2.0,0.67,10.9589,7.8827,0.769,Winter,Winter_Tas_WhiteClover,1,12.725813,12.203657,0.9423067
train/ID697718693.jpg,2015/8/21,WA,Clover,4.0,0.81,58.88,0.0,0.0,Winter,Winter_WA_Clover,2,97.14552,0.7182853,2.684791
train/ID698608346.jpg,2015/2/25,NSW,Fescue,8.0,0.55,0.0,19.8809,38.5191,Summer,Summer_NSW_Fescue,1,0.054362617,25.211521,49.55399
train/ID706288721.jpg,2015/7/1,Tas,Ryegrass,7.0,0.8,0.0,8.8161,27.0782,Winter,Winter_Tas_Ryegrass,3,0.5206351,9.132334,26.43009
train/ID710341728.jpg,2015/1/15,NSW,Fescue_CrumbWeed,11.0,0.84,0.0,7.9809,53.5191,Summer,Summer_NSW_Fescue_CrumbWeed,1,1.9169769,6.866336,58.68476
train/ID71885430.jpg,2015/2/25,NSW,Fescue,18.0,0.68,0.0,18.566,79.834,Summer,Summer_NSW_Fescue,4,0.008675646,18.463852,94.11713
train/ID72895391.jpg,2015/7/2,Vic,Ryegrass_Clover,2.0,0.7,1.9867,3.9733,8.94,Winter,Winter_Vic_Ryegrass_Clover,1,2.8849826,2.920562,14.957115
train/ID740402124.jpg,2015/9/30,Vic,Phalaris_Clover,8.0,0.76,18.1624,6.3568,40.0708,Spring,Spring_Vic_Phalaris_Clover,0,5.570586,14.852432,53.246815
train/ID742198710.jpg,2015/5/18,Tas,Ryegrass,10.0,0.83,0.0,13.8443,40.1485,Autumn,Autumn_Tas_Ryegrass,0,0.18396915,11.8297415,34.553993
train/ID743847993.jpg,2015/6/30,Vic,Phalaris_Clover,4.6,0.81,0.0,17.6378,32.5622,Winter,Winter_Vic_Phalaris_Clover,0,0.8139061,14.030008,36.673897
train/ID746335827.jpg,2015/10/6,NSW,Fescue,24.3333,0.75,0.0,53.2603,112.8397,Spring,Spring_NSW_Fescue,0,0.16285926,22.227365,93.081245
train/ID748979397.jpg,2015/11/9,Tas,Clover,3.8333,0.77,43.2687,18.1125,0.0,Spring,Spring_Tas_Clover,4,47.537308,16.13293,0.71058226
train/ID750820644.jpg,2015/5/18,Tas,Ryegrass,5.0,0.74,0.0,38.9588,28.2559,Autumn,Autumn_Tas_Ryegrass,3,0.6484907,28.351294,24.597534
train/ID751517087.jpg,2015/8/18,Vic,Phalaris_Clover,5.2,0.86,16.73,11.95,43.02,Winter,Winter_Vic_Phalaris_Clover,0,11.608242,7.174315,46.11256
train/ID753699705.jpg,2015/2/24,NSW,Ryegrass,13.0,0.74,0.0,8.1541,72.6459,Summer,Summer_NSW_Ryegrass,1,0.029441142,11.14292,50.233135
train/ID755710743.jpg,2015/9/11,Tas,Ryegrass,2.0,0.67,2.1841,8.2099,8.4829,Spring,Spring_Tas_Ryegrass,3,2.3161914,8.911523,13.937053
train/ID761508093.jpg,2015/6/26,Vic,Mixed,4.0,0.66,0.0,30.8,20.5333,Winter,Winter_Vic_Mixed,1,0.3167478,30.40569,15.2261095
train/ID779628955.jpg,2015/9/1,WA,SubcloverLosa,1.0,0.79,47.32,0.0,0.0,Spring,Spring_WA_SubcloverLosa,0,53.812477,0.11675103,0.0
train/ID7850481.jpg,2015/9/1,WA,SubcloverLosa,1.0,0.69,19.57,0.0,0.0,Spring,Spring_WA_SubcloverLosa,1,27.65809,0.067996465,0.0
train/ID786365141.jpg,2015/5/18,Tas,Ryegrass,3.0,0.41,0.0,3.3,6.8,Autumn,Autumn_Tas_Ryegrass,1,0.31018576,4.3050013,5.64305
train/ID789169173.jpg,2015/4/1,NSW,Lucerne,37.0,0.86,0.0,1.2264,77.8736,Autumn,Autumn_NSW_Lucerne,2,0.021933222,0.7236175,54.0672
train/ID793526563.jpg,2015/9/29,Vic,Ryegrass_Clover,18.0,0.82,16.7414,4.5597,86.0889,Spring,Spring_Vic_Ryegrass_Clover,4,23.15712,7.4194517,81.04908
train/ID797502182.jpg,2015/7/1,Tas,Ryegrass,3.0,0.43,0.0,12.6079,6.9746,Winter,Winter_Tas_Ryegrass,1,0.03616899,11.9891815,8.148578
train/ID799079114.jpg,2015/7/1,Tas,Ryegrass,4.0,0.53,0.0,19.7501,8.0022,Winter,Winter_Tas_Ryegrass,1,0.27123445,24.257505,10.365695
train/ID802547515.jpg,2015/5/19,Tas,Ryegrass_Clover,4.0,0.74,0.7525,14.5984,18.9629,Autumn,Autumn_Tas_Ryegrass_Clover,4,0.2834821,7.9271555,14.664632
train/ID803479541.jpg,2015/6/26,Tas,Ryegrass_Clover,2.0,0.55,1.0483,22.5374,16.2479,Winter,Winter_Tas_Ryegrass_Clover,4,1.1662366,17.36511,9.140952
train/ID808079729.jpg,2015/9/3,Tas,Ryegrass_Clover,2.8333,0.77,5.6976,8.5464,22.1574,Spring,Spring_Tas_Ryegrass_Clover,2,3.31706,10.2121105,23.451227
train/ID808093827.jpg,2015/11/10,Tas,Ryegrass_Clover,4.3333,0.9,19.6769,6.4251,25.2988,Spring,Spring_Tas_Ryegrass_Clover,2,5.219883,6.354638,35.459076
train/ID8209776.jpg,2015/6/26,Vic,Phalaris_Ryegrass_Clover,3.0,0.8,9.9586,14.108,12.0333,Winter,Winter_Vic_Phalaris_Ryegrass_Clover,0,7.6652384,11.358474,11.245025
train/ID828217731.jpg,2015/6/26,Vic,Ryegrass,3.5,0.69,0.7978,8.7753,4.7865,Winter,Winter_Vic_Ryegrass,1,1.4490693,10.158171,6.740265
train/ID839432753.jpg,2015/9/4,Tas,Clover,3.6667,0.77,24.7968,2.7552,2.4108,Spring,Spring_Tas_Clover,1,23.334263,4.921526,2.370473
train/ID846154859.jpg,2015/9/4,Tas,Clover,2.8333,0.62,16.5413,7.8112,0.919,Spring,Spring_Tas_Clover,0,17.848408,9.453234,1.8111095
train/ID846984946.jpg,2015/11/9,Tas,Ryegrass_Clover,1.1667,0.3,8.4,8.0,0.6,Spring,Spring_Tas_Ryegrass_Clover,2,3.2608635,10.479091,2.4933863
train/ID853954911.jpg,2015/6/26,Vic,Ryegrass,6.0,0.85,0.0,26.0,23.0,Winter,Winter_Vic_Ryegrass,1,0.29305235,19.999298,26.786556
train/ID866684633.jpg,2015/7/8,WA,Clover,1.0,0.59,25.4228,0.0,6.4772,Winter,Winter_WA_Clover,0,37.435825,0.018648233,3.1197064
train/ID871463897.jpg,2015/1/15,NSW,Fescue_CrumbWeed,12.0,0.79,10.0981,19.3547,59.7472,Summer,Summer_NSW_Fescue_CrumbWeed,4,0.3421962,19.834337,85.82921
train/ID875119737.jpg,2015/8/14,Vic,Ryegrass_Clover,4.0,0.72,5.8,5.8,23.2,Winter,Winter_Vic_Ryegrass_Clover,0,3.798298,3.2575371,15.758848
train/ID885388135.jpg,2015/7/2,Vic,Ryegrass_Clover,4.0,0.7,1.4353,4.3059,18.6588,Winter,Winter_Vic_Ryegrass_Clover,2,1.6830261,5.6165447,20.041092
train/ID896386823.jpg,2015/9/11,Tas,Ryegrass,3.6667,0.64,2.0794,19.7543,12.9541,Spring,Spring_Tas_Ryegrass,2,0.69467384,19.765453,14.182592
train/ID900012207.jpg,2015/2/24,NSW,Ryegrass,11.0,0.58,0.0,28.0478,36.7522,Summer,Summer_NSW_Ryegrass,0,0.06456204,10.791959,59.06138
train/ID905397692.jpg,2015/9/30,Vic,Phalaris_Clover,13.0,0.84,30.9177,6.1407,36.2016,Spring,Spring_Vic_Phalaris_Clover,2,37.780964,6.5926957,50.726227
train/ID908524512.jpg,2015/11/10,Tas,Ryegrass_Clover,3.1667,0.78,11.3043,4.2957,17.4087,Spring,Spring_Tas_Ryegrass_Clover,0,5.1859236,6.842073,17.04508
train/ID914754166.jpg,2015/10/13,Vic,Phalaris_BarleyGrass_SilverGrass_SpearGrass_Clover_Capeweed,2.5,0.37,5.4849,14.6759,9.3392,Spring,Spring_Vic_Phalaris_BarleyGrass_SilverGrass_SpearGrass_Clover_Capeweed,2,1.7156298,29.639622,9.4873495
train/ID930534670.jpg,2015/6/26,Tas,Ryegrass_Clover,2.0,0.57,1.7333,10.5572,20.3265,Winter,Winter_Tas_Ryegrass_Clover,4,0.65686536,10.914533,15.952603
train/ID936984905.jpg,2015/7/1,Vic,Phalaris_Clover,5.0,0.79,4.2636,4.2636,38.3727,Winter,Winter_Vic_Phalaris_Clover,1,1.8831692,4.3708944,24.298923
train/ID94564238.jpg,2015/7/2,Vic,Ryegrass_Clover,2.0,0.71,3.9923,3.9923,9.3154,Winter,Winter_Vic_Ryegrass_Clover,3,2.4277887,2.826467,11.072125
train/ID950496197.jpg,2015/9/4,Tas,Clover,2.6667,0.72,17.743,3.2487,2.499,Spring,Spring_Tas_Clover,3,19.105564,4.750003,2.8572154
train/ID95050718.jpg,2015/6/26,Tas,Ryegrass_Clover,2.0,0.65,2.3081,15.0024,21.3496,Winter,Winter_Tas_Ryegrass_Clover,2,2.1412663,7.8305917,16.590824
train/ID956512130.jpg,2015/11/9,Tas,Ryegrass_Clover,1.0,0.19,0.0,1.9,2.4,Spring,Spring_Tas_Ryegrass_Clover,1,0.45450705,3.1537585,3.0843463
train/ID963903358.jpg,2015/6/26,Vic,Mixed,3.0,0.65,0.0,29.9634,13.8293,Winter,Winter_Vic_Mixed,0,0.13871917,21.484491,22.32161
train/ID968643034.jpg,2015/11/10,Tas,Ryegrass_Clover,2.6667,0.38,1.5,7.6,9.0,Spring,Spring_Tas_Ryegrass_Clover,3,1.9437344,17.2021,8.115671
train/ID969218269.jpg,2015/8/18,Vic,Phalaris_Clover,4.0,0.75,1.4235,13.5235,33.4529,Winter,Winter_Vic_Phalaris_Clover,1,0.88273716,19.982449,23.368015
train/ID972274220.jpg,2015/11/10,Tas,Ryegrass_Clover,2.8333,0.56,7.4266,5.7388,7.8767,Spring,Spring_Tas_Ryegrass_Clover,4,6.599715,10.077028,12.078371
train/ID975115267.jpg,2015/7/8,WA,Clover,3.0,0.73,40.03,0.0,0.8,Winter,Winter_WA_Clover,4,51.528175,0.0,1.2320408
train/ID978026131.jpg,2015/9/4,Tas,Clover,3.1667,0.83,24.6445,4.1948,12.0601,Spring,Spring_Tas_Clover,1,35.828552,4.0845423,4.946576
train/ID980538882.jpg,2015/2/24,NSW,Phalaris,29.0,0.69,0.0,1.1457,91.6543,Summer,Summer_NSW_Phalaris,2,0.054390986,1.9383551,94.9218
train/ID980878870.jpg,2015/7/8,WA,Clover,2.0,0.74,32.3575,0.0,2.0325,Winter,Winter_WA_Clover,0,63.766594,0.013434969,0.94485646
train/ID983582017.jpg,2015/9/1,WA,Ryegrass,9.0,0.64,0.0,0.0,40.94,Spring,Spring_WA_Ryegrass,4,0.13034035,0.7653227,42.707413
